wl,Ir_10r1,Ir_10r2,Ir_10r3,Ir_10r4,Ir_15r1,Ir_15r2,Ir_15r3,Ir_15r4,Ir_20r1,Ir_20r2,Ir_20r3,Ir_20r4,Ir_25r1,Ir_25r2,Ir_25r3,Ir_25r4,Ir_30r1,Ir_30r2,Ir_30r3,Ir_30r4
300,106.68,113.266875,148.74,123.856875,125.798125,112.71625,129.2625,116.514375,122.2975,124.31875,130.0675,130.23875,141.93125,137.653125,138.318125,142.710625,141.176875,144.003125,168.8125,146.85
302,107.038,113.633,149.1995,124.273,126.2525,113.0975,129.686,116.931,122.736,124.715,130.5415,130.664,142.379,138.139,138.8015,143.1865,141.703,144.502,169.4525,147.3825
304,107.4,113.9645455,149.6245455,124.6590909,126.68,113.4595455,130.0731818,117.3304545,123.1595455,125.1059091,131.0068182,131.0863636,142.8154545,138.6272727,139.2709091,143.6440909,142.2440909,145.0168182,170.0859091,147.9104545
306,107.4327273,113.9218182,149.5436364,124.6040909,126.7340909,113.5059091,130.0713636,117.38,123.22,125.1377273,131.0490909,131.1145455,142.7763636,138.6895455,139.3309091,143.655,142.3127273,145.0736364,170.0836364,147.9890909
308,106.8295652,113.1956522,148.5630435,123.7878261,126.0452174,112.8373913,129.2856522,116.7069565,122.5478261,124.4134783,130.2713043,130.3195652,141.866087,137.873913,138.5304348,142.7291304,141.4473913,144.1921739,169.0417391,147.1252174
310,106.0436364,112.2909091,147.3218182,122.7654545,125.09,111.9390909,128.265,115.7718182,121.6540909,123.4768182,129.2663636,129.2954545,140.75,136.7781818,137.4609091,141.5645455,140.3140909,143.0590909,167.7072727,145.9481818
312,105.6618182,111.8240909,146.6868182,122.1881818,124.6481818,111.4977273,127.76,115.2731818,121.3,123.0954545,128.8322727,128.8504545,140.3368182,136.3381818,136.9954545,141.0754545,139.8286364,142.5931818,167.1659091,145.4195455
314,105.8777273,112,146.8936364,122.2868182,125,111.7204545,128.0145455,115.475,121.7895455,123.5059091,129.26,129.2436364,140.9736364,136.8609091,137.4990909,141.5881818,140.2354545,143.0072727,167.7304545,145.8204545
316,106.46,112.5959091,147.7322727,122.9277273,125.7672727,112.3095455,128.7286364,116.1145455,122.69,124.3204545,130.1768182,130.0686364,142.1490909,137.8413636,138.4804545,142.6040909,141.0795455,143.82,168.9118182,146.6590909
318,107.4245455,113.5768182,149.0922727,124.0268182,126.9236364,113.2636364,129.8409091,117.1531818,124.0090909,125.5686364,131.5659091,131.3959091,143.8436364,139.2813636,139.9277273,144.1904545,142.2963636,144.9704545,170.6618182,147.8563636
320,108.1659091,114.3390909,150.1222727,124.8740909,127.8040909,114.0127273,130.6809091,117.9636364,124.9663636,126.52,132.5809091,132.4222727,144.9890909,140.3313636,140.9436364,145.2872727,143.0995455,145.7145455,171.8027273,148.6440909
322,108.6991304,114.8917391,150.8126087,125.5004348,128.3926087,114.5547826,131.2417391,118.5517391,125.5956522,127.1813043,133.263913,133.1152174,145.5852174,140.8686957,141.4469565,145.8,143.3956522,145.9726087,172.2386957,148.9608696
324,108.9790909,115.1581818,151.1440909,125.83,128.6281818,114.7909091,131.4381818,118.8081818,125.7886364,127.4545455,133.545,133.37,145.5531818,140.7854545,141.3131818,145.6904545,143.2481818,145.7640909,172.1436364,148.7668182
326,109.0068182,115.1395455,151.0513636,125.7940909,128.5072727,114.7122727,131.2986364,118.7081818,125.5963636,127.35,133.4068182,133.2172727,144.9509091,140.2081818,140.6686364,145.0718182,142.88,145.3322727,171.7118182,148.2959091
328,108.8286364,114.9104545,150.6122727,125.4754545,128.1227273,114.3940909,130.9177273,118.3104545,125.1018182,126.9659091,132.9231818,132.7004545,143.8754545,139.2145455,139.605,143.9527273,142.4413636,144.8868182,171.0436364,147.7218182
330,108.5040909,114.5154545,150.0168182,125.0368182,127.5927273,113.93,130.4045455,117.8159091,124.4922727,126.4027273,132.3209091,132.0490909,142.935,138.2777273,138.6777273,142.9945455,142.1504545,144.6454545,170.6454545,147.3895455
332,107.8659091,113.8318182,149.04,124.2936364,126.7109091,113.1363636,129.5290909,117,123.4786364,125.4568182,131.3081818,130.9995455,141.8022727,137.1318182,137.5768182,141.8872727,142.0504545,144.5468182,170.5790909,147.2118182
334,107.1931818,113.1504545,148.0909091,123.5663636,125.8940909,112.4004545,128.7277273,116.2631818,122.6072727,124.5972727,130.3818182,130.0636364,141.0677273,136.3990909,136.9018182,141.1754545,142.2290909,144.7645455,170.9327273,147.3795455
336,106.333913,112.2778261,146.9347826,122.6708696,124.9895652,111.6208696,127.7921739,115.4573913,121.7313043,123.6986957,129.3969565,129.0913043,140.5973913,135.9326087,136.5647826,140.6904348,142.8426087,145.4869565,171.8082609,148.0665217
338,105.4436364,111.3281818,145.7054545,121.7213636,124.1090909,110.9004545,126.8731818,114.7040909,120.9745455,122.8672727,128.5709091,128.2672727,140.4086364,135.76,136.5463636,140.5159091,143.77,146.52,173.0513636,149.0918182
340,104.5926087,110.4004348,144.5230435,120.7495652,123.3686957,110.3426087,126.1334783,114.0765217,120.4917391,122.36,128.0395652,127.7626087,140.6526087,136.0204348,136.9378261,140.8056522,145.156087,147.9521739,174.7026087,150.5243478
342,103.825,109.5572727,143.4468182,119.8222727,122.7877273,109.9063636,125.5363636,113.6118182,120.2263636,122.0645455,127.7036364,127.4913636,141.195,136.5718182,137.5863636,141.4013636,146.6654545,149.5304545,176.5236364,152.0818182
344,103.3009091,108.9772727,142.6672727,119.1668182,122.5259091,109.6963636,125.2322727,113.3777273,120.2436364,122.0822727,127.6913636,127.565,142.0418182,137.4131818,138.4781818,142.3031818,148.0677273,150.9818182,178.1868182,153.5336364
346,102.8827273,108.5259091,141.9240909,118.625,122.5545455,109.7159091,125.2063636,113.3631818,120.5227273,122.3990909,128.0377273,127.9859091,143.4872727,138.8581818,139.8940909,143.7963636,149.605,152.5772727,180.0586364,155.1609091
348,102.7513636,108.4345455,141.6004545,118.4545455,122.8536364,109.955,125.4731818,113.6013636,120.9459091,122.8890909,128.5504545,128.5359091,144.8504545,140.1681818,141.175,145.1463636,150.5054545,153.5118182,181.1886364,156.1740909
350,102.8740909,108.6127273,141.6009091,118.5809091,123.5586364,110.53,126.1140909,114.2227273,121.76,123.7254545,129.4318182,129.4127273,146.6168182,141.8440909,142.8,146.8390909,151.0422727,154.0709091,181.9763636,156.8559091
352,103.1922727,108.9681818,141.9222727,118.9740909,124.3295455,111.2154545,126.9077273,114.9345455,122.6254545,124.58,130.3609091,130.3127273,147.8359091,143.05,143.9722727,148.0618182,151.0295455,154.0663636,182.0259091,156.9681818
354,103.766087,109.583913,142.6226087,119.6695652,125.283913,112.1691304,127.9969565,115.8991304,123.7417391,125.6830435,131.5434783,131.5008696,148.7282609,144.0221739,144.8552174,149.0143478,150.5534783,153.5586957,181.4786957,156.5734783
356,104.5190909,110.4090909,143.6086364,120.5572727,126.2913636,113.2090909,129.1886364,116.9677273,124.905,126.8677273,132.7686364,132.7704545,149.2045455,144.5836364,145.3181818,149.5613636,149.8136364,152.7790909,180.54,155.8777273
358,105.4743478,111.4421739,144.9543478,121.693913,127.2934783,114.2204348,130.383913,118.0408696,125.9721739,127.9804348,133.8730435,133.9065217,149.013913,144.4608696,145.0521739,149.3921739,148.7934783,151.7213043,179.3004348,154.8204348
360,106.5140909,112.55,146.4,122.9318182,128.2331818,115.1418182,131.4859091,119.025,126.8509091,128.8890909,134.7818182,134.8259091,148.3395455,143.8413636,144.3177273,148.7386364,147.6786364,150.58,178.0009091,153.6354545
362,107.6047826,113.6447826,147.8982609,124.1513043,129.0508696,115.8769565,132.3234783,119.8291304,127.3156522,129.3443478,135.2682609,135.2291304,147.1756522,142.6317391,143.0513043,147.4704348,146.533913,149.3813043,176.7313043,152.3804348
364,108.6245455,114.6972727,149.3245455,125.2818182,129.7418182,116.4545455,132.9618182,120.4727273,127.4118182,129.4372727,135.3736364,135.2327273,145.8290909,141.1954545,141.6136364,146.0090909,145.4468182,148.2604545,175.5240909,151.1859091
366,109.3804348,115.4586957,150.3804348,126.1395652,130.1343478,116.7369565,133.2404348,120.7843478,126.9234783,128.9169565,134.8717391,134.6252174,144.3830435,139.6630435,140.16,144.4982609,144.5230435,147.2791304,174.4434783,150.1082609
368,109.8890909,115.97,151.0404545,126.7,130.2772727,116.8013636,133.2604545,120.87,126.1054545,128.0522727,134.0340909,133.6654545,142.9822727,138.21,138.8204545,143.0995455,143.7204545,146.4018182,173.4877273,149.1790909
370,109.946087,116.0247826,151.1021739,126.7543478,130.0208696,116.533913,132.9013043,120.5926087,124.8956522,126.8408696,132.8021739,132.3308696,141.8356522,137.033913,137.7295652,141.9569565,143.1304348,145.7695652,172.7873913,148.5534783
372,109.6781818,115.8013636,150.7254545,126.4913636,129.4413636,116.0340909,132.2945455,120.0404545,123.485,125.4790909,131.3354545,130.8404545,140.87,136.0759091,136.8345455,141.0536364,142.7268182,145.4109091,172.3672727,148.1554545
374,109.0478261,115.1791304,149.8147826,125.8113043,128.4417391,115.2156522,131.3465217,119.1830435,122.0186957,124.0465217,129.7769565,129.3043478,140.1734783,135.3730435,136.1773913,140.3678261,142.6052174,145.4143478,172.3830435,148.0904348
376,108.2327273,114.3486364,148.6245455,124.8731818,127.2304545,114.2,130.1881818,118.1468182,120.6286364,122.6459091,128.2722727,127.8122727,139.6386364,134.7854545,135.6204545,139.7840909,142.7281818,145.6181818,172.7245455,148.2731818
378,107.2886957,113.336087,147.2434783,123.753913,125.8604348,113.046087,128.8352174,116.9473913,119.4465217,121.4143478,126.9986957,126.5804348,139.3265217,134.4304348,135.2708696,139.3934783,143.3517391,146.33,173.5513043,148.9408696
380,106.3145455,112.3195455,145.8163636,122.6377273,124.415,111.8463636,127.425,115.6868182,118.4436364,120.3568182,125.9159091,125.5490909,139.1672727,134.2636364,135.1422727,139.2159091,144.3154545,147.3836364,174.7172727,149.9318182
382,105.3786957,111.3130435,144.4647826,121.5873913,123.0091304,110.6404348,126.0369565,114.423913,117.7778261,119.6208696,125.1965217,124.8678261,139.3230435,134.4226087,135.3517391,139.3595652,145.7313043,148.8217391,176.3265217,151.3421739
384,104.5113636,110.3336364,143.1736364,120.5809091,121.7109091,109.4945455,124.7163636,113.2268182,117.3304545,119.1240909,124.7259091,124.4131818,139.7563636,134.8404545,135.8277273,139.7704545,147.3945455,150.4331818,178.1627273,152.9940909
386,103.7913043,109.5052174,142.0443478,119.7208696,120.6247826,108.5647826,123.6134783,112.2404348,117.23,119.0273913,124.623913,124.3317391,140.6343478,135.75,136.8169565,140.7213043,149.2473913,152.2769565,180.1769565,154.9386957
388,103.1922727,108.8290909,141.0740909,118.9863636,119.7218182,107.8336364,122.715,111.4586364,117.3840909,119.1981818,124.7581818,124.5259091,141.7822727,136.9195455,138.0745455,142.0022727,151.0618182,154.0981818,182.1445455,156.8727273
390,102.7491304,108.3269565,140.3573913,118.4226087,119.1534783,107.4113043,122.1621739,110.9886957,117.8856522,119.713913,125.2491304,125.1043478,143.2652174,138.413913,139.6156522,143.5882609,152.6173913,155.6534783,183.7991304,158.5395652
392,102.4586364,107.9840909,139.8127273,117.9986364,118.8727273,107.2136364,121.84,110.7659091,118.6304545,120.4677273,126.0163636,125.9486364,144.9454545,140.0495455,141.3009091,145.3063636,153.9113636,156.9372727,185.1531818,159.9577273
394,102.3917391,107.9343478,139.5930435,117.8591304,119.05,107.3726087,121.933913,110.9169565,119.7552174,121.5626087,127.1504348,127.1704348,146.7295652,141.78,143.0665217,147.1173913,154.7213043,157.7452174,185.986087,160.8834783
396,102.4881818,108.0895455,139.6627273,117.945,119.5181818,107.7854545,122.3490909,111.3395455,121.0895455,122.8563636,128.505,128.5777273,148.45,143.4377273,144.7286364,148.8513636,155.1986364,158.2195455,186.4590909,161.4472727
398,102.8434783,108.53,140.133913,118.3713043,120.4091304,108.5356522,123.2126087,112.1378261,122.6582609,124.4265217,130.1165217,130.1873913,149.9934783,144.9369565,146.2295652,150.3782609,155.3108696,158.3213043,186.5230435,161.6069565
400,103.4186364,109.1740909,140.8454545,119.0268182,121.5840909,109.5281818,124.3477273,113.1972727,124.3281818,126.1231818,131.8504545,131.9159091,151.3972727,146.31,147.6063636,151.7481818,155.3004545,158.2886364,186.425,161.6
402,104.2313043,110.0304348,141.8856522,119.933913,123.0273913,110.7991304,125.7873913,114.5256522,125.9486957,127.8017391,133.5804348,133.6026087,152.4491304,147.3656522,148.6104348,152.7469565,155.1891304,158.1565217,186.2404348,161.4517391
404,105.1645455,111.0109091,143.0972727,120.9904545,124.6236364,112.2468182,127.4318182,116.0213636,127.4781818,129.4190909,135.2581818,135.1668182,153.2918182,148.2013636,149.3922727,153.52,155.11,158.0781818,186.1095455,161.3213636
406,106.2313043,112.0817391,144.4569565,122.1882609,126.4104348,113.8604348,129.2491304,117.6556522,128.8126087,130.843913,136.7386957,136.4978261,153.8926087,148.7843478,149.9465217,154.0608696,155.146087,158.1169565,186.1621739,161.2747826
408,107.315,113.1577273,145.8768182,123.4231818,128.2568182,115.52,131.1013636,119.3231818,129.9681818,132.0740909,138.0140909,137.6518182,154.3686364,149.2422727,150.3681818,154.4713636,155.2822727,158.26,186.3872727,161.3286364
410,108.4013043,114.2747826,147.3056522,124.6691304,130.1795652,117.2573913,133.0395652,121.09,130.9082609,133.0513043,139.0265217,138.6030435,154.8473913,149.6656522,150.7778261,154.9134783,155.6773913,158.6595652,186.883913,161.6452174
412,109.5409091,115.465,148.7354545,125.9477273,132.2018182,119.1,135.1118182,122.9831818,131.81,133.995,140.0059091,139.5254545,155.4768182,150.2890909,151.4427273,155.5940909,156.2963636,159.305,187.4854545,162.2540909
414,110.7208696,116.7078261,150.1978261,127.2508696,134.1617391,120.896087,137.1526087,124.8595652,132.646087,134.8747826,140.9052174,140.4308696,156.2617391,151.1856522,152.3713043,156.56,157.1078261,160.1513043,188.1086957,163.1526087
416,111.8195455,117.9054545,151.6272727,128.5072727,135.9577273,122.5568182,139.0640909,126.6209091,133.3459091,135.6218182,141.6468182,141.2345455,157.1172727,152.1727273,153.3309091,157.5931818,157.8690909,160.9559091,188.6968182,164.0313636
418,112.8873913,119.0752174,153.0495652,129.7426087,137.453913,123.9634783,140.7256522,128.1273913,133.9169565,136.2208696,142.2582609,141.9052174,158.0121739,153.1830435,154.2713043,158.6208696,158.33,161.4373913,188.9582609,164.626087
420,113.9422727,120.1995455,154.4695455,130.9490909,138.6336364,125.0668182,142.0518182,129.3086364,134.3554545,136.6813636,142.7577273,142.4313636,158.7736364,154.0381818,155.0313636,159.4781818,158.4222727,161.5522727,188.885,164.8727273
422,114.8630435,121.176087,155.8043478,132.06,139.2626087,125.6473913,142.796087,129.9317391,134.456087,136.7904348,142.9069565,142.5530435,159.1526087,154.4086957,155.2604348,159.8147826,157.8021739,160.8921739,188.2052174,164.2908696
424,115.7978261,122.1608696,157.2156522,133.2191304,139.49,125.88,143.1326087,130.1843478,134.3126087,136.6413043,142.8052174,142.3804348,159.1591304,154.2969565,155.0117391,159.6695652,156.4508696,159.4547826,186.8095652,162.8834783
426,116.5773913,122.9465217,158.2347826,134.1047826,139.3826087,125.8121739,143.0604348,130.1313043,134.0991304,136.396087,142.5765217,142.1247826,158.8517391,153.8991304,154.5530435,159.2391304,155.0565217,157.9947826,185.2347826,161.3882609
428,117.4682609,123.81,159.3208696,135.0491304,139.0082609,125.4726087,142.6273913,129.803913,133.6065217,135.876087,142.056087,141.5552174,158.0578261,153.0430435,153.6330435,158.3365217,153.1117391,155.9852174,182.9943478,159.296087
430,118.0047826,124.3365217,159.9886957,135.6173913,138.4673913,125.013913,142.0543478,129.3330435,133.0665217,135.3195652,141.4717391,140.91,157.1708696,152.1269565,152.6708696,157.3669565,151.4969565,154.3369565,181.1517391,157.583913
432,118.443913,124.7734783,160.5569565,136.0782609,137.4865217,124.2273913,141.0743478,128.5095652,132.1708696,134.4030435,140.4686957,139.8769565,155.7456522,150.6778261,151.2030435,155.8708696,149.5308696,152.3982609,178.926087,155.5365217
434,118.585,124.9077273,160.6522727,136.1659091,136.455,123.3563636,139.995,127.6009091,131.2268182,133.4327273,139.3868182,138.8272727,154.2772727,149.2595455,149.7904545,154.4290909,148.0477273,151.0054545,177.2081818,154.0127273
436,118.3117391,124.6047826,160.3669565,135.8386957,135.17,122.2330435,138.6734783,126.4247826,129.9830435,132.1604348,138.0408696,137.5008696,152.6365217,147.6352174,148.19,152.8178261,146.8582609,149.8878261,175.9586957,152.7952174
438,117.7754545,124.0663636,159.7809091,135.2709091,133.7068182,120.9740909,137.2381818,125.0977273,128.6086364,130.7463636,136.5854545,136.0436364,150.9618182,145.9272727,146.5195455,151.12,145.865,148.9377273,175.0063636,151.7627273
440,116.8608696,123.1265217,158.5804348,134.2078261,132.0834783,119.5452174,135.6052174,123.6113043,127.1217391,129.1934783,134.986087,134.4808696,149.2978261,144.2865217,144.9713043,149.5069565,145.3747826,148.5017391,174.4878261,151.2373913
442,115.653913,121.856087,156.9213043,132.7917391,130.3643478,117.9513043,133.8008696,121.9713043,125.51,127.5143478,133.2430435,132.7834783,147.633913,142.6891304,143.45,147.91,145.2678261,148.4808696,174.4173913,151.0986957
444,114.5291304,120.6604348,155.4586957,131.5282609,128.9891304,116.6782609,132.3586957,120.6573913,124.2086957,126.1578261,131.8491304,131.3943478,146.4965217,141.5226087,142.3121739,146.7295652,145.3582609,148.6086957,174.7086957,151.1508696
446,112.9778261,119.0208696,153.4,129.7878261,127.3147826,115.1582609,130.6078261,119.0795652,122.6873913,124.5847826,130.2269565,129.7495652,145.3343478,140.2908696,141.0882609,145.453913,145.8126087,149.1108696,175.5117391,151.5395652
448,111.6486957,117.6113043,151.506087,128.2373913,126.0495652,114.0156522,129.2669565,117.8995652,121.6830435,123.5491304,129.13,128.68,144.6847826,139.6404348,140.4578261,144.7804348,146.5891304,149.953913,176.5465217,152.2895652
450,110.0969565,115.9717391,149.3086957,126.4586957,124.7543478,112.8382609,127.8817391,116.6913043,120.6917391,122.563913,128.0713043,127.6647826,144.2969565,139.2308696,140.063913,144.33,147.9,151.3413043,178.3217391,153.5565217
452,108.7677273,114.57,147.4009091,124.9254545,123.7504545,111.9368182,126.7904545,115.755,120.1254545,121.9768182,127.4445455,127.0777273,144.2859091,139.1854545,140.0659091,144.2913636,149.3927273,152.8731818,180.2577273,155.0195455
454,107.5956522,113.3169565,145.6043478,123.4647826,123.0765217,111.3713043,126.056087,115.156087,120.1352174,121.9534783,127.3730435,127.1308696,144.9356522,139.9321739,140.8882609,145.0773913,151.8047826,155.356087,182.9630435,157.4417391
456,106.4565217,112.1052174,143.8808696,122.0726087,122.5543478,110.9204348,125.4865217,114.6708696,120.4626087,122.2752174,127.6743478,127.546087,145.973913,141.0469565,142.0886957,146.2404348,154.6343478,158.2791304,186.2621739,160.37
458,105.7004348,111.3034783,142.8591304,121.2226087,122.2530435,110.6652174,125.1578261,114.3726087,120.8730435,122.7043478,128.1026087,128.0356522,147.0191304,142.0373913,143.1156522,147.2656522,156.8247826,160.5378261,189.0552174,162.6552174
460,105.0386957,110.5865217,141.9721739,120.5013043,122.1908696,110.6278261,125.0495652,114.2595652,121.8334783,123.666087,129.0717391,129.0613043,148.7017391,143.6156522,144.7791304,148.906087,159.7334783,163.5004348,192.7230435,165.71
462,104.6891304,110.19,141.466087,120.1221739,122.3713043,110.7917391,125.1673913,114.3669565,122.9291304,124.7695652,130.1791304,130.2308696,150.4282609,145.2491304,146.4726087,150.5926087,162.3152174,166.1021739,195.8969565,168.4173913
464,104.5365217,110.003913,141.2626087,120.0304348,122.8447826,111.173913,125.5486957,114.723913,124.4391304,126.3352174,131.8195652,131.8513043,152.6926087,147.3295652,148.6156522,152.7078261,165.19,168.9813043,199.6365217,171.4856522
466,104.736087,110.2208696,141.4365217,120.326087,123.6926087,111.8721739,126.2908696,115.4417391,126.3886957,128.3308696,133.9069565,133.9317391,155.5065217,149.9691304,151.3152174,155.3973913,168.2504348,172.033913,203.3878261,174.7334783
468,105.2026087,110.71,141.9356522,120.8530435,124.7134783,112.7530435,127.2608696,116.3743478,128.3456522,130.2904348,135.9608696,135.9934783,158.1434783,152.5313043,153.9626087,158.0317391,170.9726087,174.7169565,206.403913,177.5891304
470,106.0991304,111.6717391,142.9304348,121.8486957,126.2786957,114.1173913,128.7852174,117.8217391,131.03,132.9713043,138.7956522,138.8508696,161.8526087,156.1652174,157.6369565,161.7634783,174.343913,178.0530435,210.0234783,181.0821739
472,107.0869565,112.746087,144.173913,122.9647826,127.7891304,115.4786957,130.3221739,119.2630435,133.366087,135.3291304,141.3082609,141.3395652,165.0030435,159.2582609,160.7730435,164.9295652,176.8973913,180.6,212.7069565,183.746087
474,108.6004348,114.3986957,146.0382609,124.666087,130.0004348,117.466087,132.5656522,121.3382609,136.5613043,138.5669565,144.6782609,144.706087,169.433913,163.5969565,165.173913,169.4134783,180.0121739,183.6804348,215.8973913,186.9708696
476,110.30625,116.21875,148.2345833,126.5516667,132.4391667,119.7025,135.0783333,123.645,139.79875,141.8916667,148.0883333,148.1308333,173.7408333,167.9033333,169.57625,173.8829167,182.8666667,186.4841667,218.7179167,189.9225
478,112.3769565,118.456087,150.6826087,128.8447826,135.3356522,122.3004348,138.0221739,126.323913,143.5613043,145.7447826,152.0313043,152.1517391,178.8930435,173.2534783,175.0865217,179.4217391,186.0669565,189.7204348,221.7343478,193.2843478
480,114.7121739,120.9704348,153.7165217,131.5678261,138.5930435,125.1673913,141.3673913,129.3269565,147.5265217,149.8195652,156.25,156.3947826,184.4543478,178.8886957,180.7704348,185.2834783,189.1565217,192.8956522,225.0278261,196.6182609
482,116.4786957,122.8813043,156.0895652,133.6756522,141.1082609,127.3669565,143.9852174,131.6508696,150.4291304,152.806087,159.3604348,159.4947826,188.563913,182.9826087,184.833913,189.5617391,191.1,194.9043478,227.313913,198.7343478
484,118.7526087,125.3278261,159.3430435,136.4347826,144.3043478,130.233913,147.3765217,134.6526087,153.843913,156.31,163.0591304,163.1421739,193.0578261,187.3756522,189.1321739,194.1534783,192.8908696,196.8113043,229.6391304,200.713913
486,121.04,127.7647826,162.5026087,139.1917391,147.5282609,133.086087,150.7447826,137.6282609,157.0695652,159.5913043,166.5626087,166.5686957,196.9391304,191.1826087,192.7856522,198.0821739,194.0813043,198.11,231.3447826,202.013913
488,122.6695652,129.4478261,165.0630435,141.1873913,149.773913,135.1021739,153.0930435,139.7091304,158.9447826,161.516087,168.6704348,168.5030435,198.7178261,192.6313043,193.9626087,199.5604348,194.0043478,198.0630435,231.9643478,201.9291304
490,124.873913,131.72,168.2665217,143.7652174,152.5895652,137.6495652,155.9865217,142.316087,161.2117391,163.86,171.1769565,170.8095652,200.313913,193.9317391,195.0330435,200.8456522,193.5417391,197.6043478,232.07,201.4330435
492,127.1782609,134.093913,171.4430435,146.3978261,154.9917391,139.8473913,158.413913,144.5491304,163.0773913,165.7647826,173.1721739,172.7304348,201.186087,194.6152174,195.5178261,201.4821739,193.0821739,197.1521739,231.8591304,200.9052174
494,130.226087,137.203913,175.4543478,149.7604348,157.8978261,142.4726087,161.3,147.25,165.4330435,168.1565217,175.6395652,175.1852174,201.82,195.1926087,195.8234783,201.9452174,192.6095652,196.6852174,231.4978261,200.3082609
496,133.2230435,140.2704348,179.5621739,153.1069565,160.3434783,144.6926087,163.7321739,149.53,167.2378261,169.9969565,177.563913,177.0434783,201.5247826,194.6878261,195.0208696,201.3604348,191.6526087,195.7313043,230.8043478,199.226087
498,135.5478261,142.653913,182.6917391,155.6847826,162.0965217,146.2956522,165.49,151.1869565,168.5647826,171.3395652,178.9586957,178.3956522,200.7978261,193.8630435,194.0295652,200.4930435,190.7752174,194.8452174,229.9634783,198.25
500,138.3595652,145.5404348,186.4495652,158.7926087,164.2213043,148.2513043,167.6643478,153.2326087,170.2117391,172.9965217,180.6982609,180.0813043,199.4765217,192.5256522,192.5,199.0947826,189.6991304,193.7626087,228.7317391,197.036087
502,140.3429167,147.5625,189.1358333,160.9608333,165.7304167,149.61375,169.2379167,154.6979167,171.3275,174.1479167,181.9220833,181.2,197.8395833,190.9241667,190.8266667,197.465,188.5491667,192.5970833,227.41125,195.8204167
504,142.0447826,149.32,191.4826087,162.866087,166.9869565,150.7343478,170.5382609,155.8782609,172.1269565,175.0026087,182.8395652,181.973913,195.8556522,188.9134783,188.7908696,195.4530435,187.1543478,191.1856522,225.8326087,194.3926087
506,143.5678261,150.913913,193.563913,164.5865217,168.123913,151.78,171.7330435,156.9756522,172.753913,175.7008696,183.5643478,182.5434783,193.3717391,186.5347826,186.4343478,193.0108696,185.5826087,189.6173913,223.8795652,192.8195652
508,144.5745833,151.9745833,194.96125,165.7691667,168.755,152.3516667,172.3941667,157.5808333,172.7741667,175.80375,183.6745833,182.5145833,190.98875,184.2575,184.15375,190.6254167,183.9908333,188.0366667,221.9879167,191.2241667
510,145.3621739,152.7891304,196.0573913,166.6747826,169.1508696,152.7017391,172.7947826,157.9413043,172.5130435,175.5930435,183.4378261,182.1791304,188.513913,181.8569565,181.7704348,188.1186957,182.2595652,186.3156522,219.983913,189.4756522
512,145.796087,153.2295652,196.5773913,167.1382609,169.3304348,152.8786957,172.9769565,158.0821739,171.8756522,174.9617391,182.7591304,181.4073913,185.6891304,179.1443478,179.0847826,185.2704348,180.3447826,184.3891304,217.6252174,187.49
514,145.86875,153.2916667,196.65375,167.1691667,169.3366667,152.8766667,172.9833333,158.055,171.045,174.0975,181.8620833,180.4341667,183.2870833,176.8608333,176.8225,182.8883333,178.7375,182.74125,215.6004167,185.8204167
516,145.6430435,153.0352174,196.3582609,166.8713043,169.1986957,152.6895652,172.8204348,157.8613043,169.9556522,172.9856522,180.7382609,179.1730435,180.9065217,174.5226087,174.5413043,180.4726087,177.0856522,181.0386957,213.6469565,184.0921739
518,145.0530435,152.3991304,195.5569565,166.1704348,168.8217391,152.2947826,172.4382609,157.4534783,168.336087,171.366087,179.0856522,177.3208696,178.3447826,171.9769565,172.1143478,177.86,175.3743478,179.2521739,211.643913,182.2469565
520,144.3429167,151.6479167,194.49375,165.3166667,168.5404167,152.0229167,172.15875,157.1804167,166.83125,169.88875,177.5558333,175.6641667,176.3166667,170.0779167,170.3320833,175.92625,174.3066667,178.1470833,210.1270833,181.0820833
522,143.5634783,150.8278261,193.3721739,164.3934783,168.2469565,151.746087,171.8630435,156.9043478,165.2573913,168.3308696,175.9352174,173.9930435,174.7152174,168.6473913,169.0504348,174.5,173.6786957,177.5091304,209.0878261,180.4204348
524,142.5721739,149.7478261,192.0378261,163.2691304,167.7543478,151.1895652,171.3143478,156.3821739,163.3495652,166.3982609,173.9221739,172.0304348,173.3486957,167.4273913,167.9773913,173.2695652,173.3808696,177.2491304,208.5669565,180.116087
526,141.64,148.7433333,190.8595833,162.2566667,167.2104167,150.5870833,170.71375,155.8029167,161.5891667,164.6041667,172.0683333,170.2175,172.3045833,166.4483333,167.0670833,172.2983333,173.2708333,177.2054167,208.4795833,180.0208333
528,140.5891304,147.6495652,189.5021739,161.0982609,166.5295652,149.923913,170.0108696,155.1482609,159.7230435,162.6969565,170.1095652,168.2904348,171.3995652,165.6234783,166.3086957,171.4973913,173.3921739,177.4182609,208.6708696,180.2169565
530,139.3147826,146.3347826,187.8969565,159.6965217,165.3626087,148.8513043,168.8213043,154.05,157.4569565,160.3621739,167.6926087,165.9421739,170.7178261,164.9382609,165.7069565,170.8426087,173.7030435,177.8304348,209.2673913,180.62
532,137.9766667,144.95125,186.2570833,158.2791667,164.2125,147.7854167,167.6529167,152.96,155.3954167,158.2916667,165.6079167,163.70875,169.9445833,164.0291667,164.7920833,169.90625,173.8304167,178.0470833,210.0033333,180.7525
534,136.6143478,143.5695652,184.4313043,156.8156522,162.9795652,146.7978261,166.4717391,151.9104348,153.2695652,156.18,163.4656522,161.3621739,169.3086957,163.2847826,164.1173913,169.1673913,174.196087,178.4547826,210.8452174,181.0965217
536,135.3552174,142.2873913,182.4865217,155.3247826,161.9417391,146.0547826,165.4943478,151.1121739,151.4443478,154.36,161.5013043,159.4013043,169.4569565,163.5095652,164.4491304,169.4017391,175.7413043,180.1013043,212.5921739,182.6378261
538,134.3895833,141.27875,180.995,154.1495833,161.24375,145.56125,164.82625,150.5929167,150.2741667,153.1741667,160.1916667,158.1775,170.13,164.2904167,165.3158333,170.1975,177.8004167,182.28375,214.9229167,184.7366667
540,133.3769565,140.2117391,179.5913043,153.0182609,160.2813043,144.7713043,163.8608696,149.7665217,149.0147826,151.8652174,158.8330435,156.8552174,170.8734783,164.9808696,166.0656522,170.9113043,179.7078261,184.2704348,217.4530435,186.6991304
542,132.55,139.3286957,178.3686957,152.0456522,159.1873913,143.8421739,162.6921739,148.7686957,148.0104348,150.7421739,157.6478261,155.8643478,172.2786957,166.2686957,167.4252174,172.2791304,182.2391304,186.8791304,220.6282609,189.3104348
544,131.89,138.6191667,177.4225,151.2408333,158.3091667,143.1054167,161.7533333,147.9908333,147.3775,150.02125,156.9158333,155.25375,173.7083333,167.5833333,168.77125,173.6179167,184.80625,189.5825,224.0379167,191.9466667
546,131.2008696,137.9,176.5130435,150.476087,157.0134783,141.9847826,160.3617391,146.7934783,146.6169565,149.1317391,156.0304348,154.51,175.2386957,168.8686957,170.0765217,174.9378261,187.1391304,191.976087,227.4321739,194.3708696
548,130.746087,137.4165217,175.8347826,149.9591304,156.1256522,141.2221739,159.303913,145.9247826,146.5878261,148.9956522,155.896087,154.5134783,177.4356522,170.8017391,172.0491304,176.9478261,190.2278261,195.1056522,231.5621739,197.4513043
550,130.4808333,137.1108333,175.3108333,149.6083333,155.7691667,140.98375,158.915,145.6270833,147.01,149.4083333,156.29625,154.98625,179.8416667,173.1241667,174.47,179.3479167,193.8904167,198.86,236.1420833,201.13875
552,130.4870833,137.0658333,175.12375,149.5558333,155.4941667,140.7708333,158.6095833,145.37125,147.8020833,150.2079167,157.0854167,155.9429167,182.97875,176.1779167,177.59,182.4541667,198.1716667,203.2066667,241.5591667,205.5604167
554,130.7113043,137.2547826,175.2847826,149.7630435,155.6826087,140.9430435,158.7630435,145.5282609,149.0752174,151.5126087,158.4130435,157.3691304,186.14,179.2295652,180.7113043,185.6178261,202.2495652,207.3826087,246.6756522,209.7752174
556,131.06625,137.6045833,175.5716667,150.1191667,156.1341667,141.3566667,159.2125,145.9795833,150.6208333,153.1025,160.0408333,159.0966667,189.5766667,182.64875,184.2879167,189.21375,207.0691667,212.4283333,252.66,214.7520833
558,131.835,138.4429167,176.4195833,151.0158333,156.7891667,141.9154167,159.8541667,146.5770833,152.7470833,155.23875,162.1804167,161.5208333,193.8679167,186.8154167,188.5804167,193.5979167,212.4929167,218.06375,259.3958333,220.47625
560,132.7313043,139.443913,177.5447826,152.0291304,158.0078261,143.0469565,161.0543478,147.7569565,155.3308696,157.8856522,164.8886957,164.3678261,197.9856522,190.8108696,192.6643478,197.7821739,217.5865217,223.4152174,265.6495652,225.733913
562,133.7134783,140.6134783,178.6926087,153.173913,159.363913,144.4134783,162.4391304,149.1743478,158.3195652,160.906087,167.9834783,167.5926087,202.8165217,195.5730435,197.64,202.7869565,224.343913,230.5621739,273.9443478,232.6030435
564,135.1895833,142.2758333,180.5608333,154.9366667,160.9216667,145.8391667,163.9416667,150.6033333,161.55375,164.0620833,171.2108333,171.1141667,207.6575,200.2995833,202.44125,207.6958333,230.6916667,237.0983333,281.6533333,239.1370833
566,136.9741667,144.1829167,183.0204167,156.9983333,163.4945833,148.31625,166.635,153.0983333,165.9316667,168.4775,175.835,175.7475,213.195,205.6604167,207.77875,213.1983333,237.70125,244.3216667,290.11125,246.2345833
568,138.5573913,145.8517391,185.0230435,158.74,165.4004348,150.1943478,168.6973913,155.0352174,169.5691304,172.15,179.7191304,179.61,218.1291304,210.5008696,212.6604348,218.1491304,244.7791304,251.7321739,298.8286957,253.2991304
570,141.11,148.5020833,188.315,161.6175,167.6945833,152.1725,170.9625,157.0879167,173.6579167,176.1425,183.8595833,184.0291667,223.5145833,215.7116667,217.84125,223.4975,252.1441667,259.2883333,307.8204167,260.8604167
572,144.0629167,151.5091667,192.5770833,164.9558333,171.4125,155.5379167,174.7304167,160.57125,178.95875,181.465,189.45625,189.60625,229.3004167,221.2108333,223.1816667,229.1425,259.2366667,266.5466667,316.4695833,268.20875
574,146.5316667,154.0845833,195.9916667,167.7716667,174.14375,158.1825,177.6379167,163.3433333,183.39,186.0008333,194.2791667,194.24375,234.3141667,226.0183333,227.9579167,234.0891667,266.2579167,273.9220833,325.375,275.3833333
576,149.75,157.5126087,200.2573913,171.486087,176.6304348,160.2721739,180.0169565,165.5521739,187.3578261,189.9478261,198.3521739,198.563913,238.9543478,230.5117391,232.4452174,238.7352174,272.8265217,280.6726087,333.6226087,282.2669565
578,153.1670833,161.0670833,205.1220833,175.33125,180.73375,163.90625,184.1120833,169.3054167,192.30375,195.0295833,203.6691667,203.7820833,243.56125,234.9854167,236.7541667,243.2904167,278.3145833,286.1154167,340.18625,288.16625
580,155.96625,163.9954167,208.82375,178.525,184.195,167.2495833,187.8170833,172.7708333,196.8470833,199.9,208.8216667,208.4891667,247.9704167,239.2691667,240.925,247.6320833,283.9854167,291.9345833,347.1929167,294.0529167
582,160.1583333,168.4220833,214.0025,183.3991667,187.3491667,170.0029167,190.935,175.5829167,201.005,204.2541667,213.2529167,213.0608333,252.665,243.90875,245.6770833,252.3554167,290.61375,298.6095833,355.1583333,300.815
584,164.5143478,172.9052174,219.8478261,188.2156522,192.4143478,174.4417391,196.0143478,180.1326087,206.1817391,209.6813043,218.7973913,218.6404348,257.6269565,248.8008696,250.5965217,257.3369565,296.3086957,304.076087,361.2769565,306.7308696
586,167.22875,175.6916667,223.4033333,191.1354167,197.1395833,178.96125,201.0829167,184.8241667,210.9741667,214.8095833,224.2466667,223.5345833,262.1891667,253.2208333,255.035,261.8625,300.9770833,308.67125,366.16125,311.5079167
588,171.27375,180.0770833,228.3554167,195.9283333,200.9295833,182.3195833,204.91,188.3591667,215.0733333,218.9541667,228.5629167,227.8591667,266.9479167,257.8795833,259.9541667,266.6708333,306.4970833,314.3429167,372.5183333,317.0804167
590,176.8433333,185.9416667,236.0620833,202.34375,207.4891667,187.8920833,211.2695833,194.18375,220.6979167,224.4341667,234.22,233.8625,272.55,263.44,265.7833333,272.4908333,311.9895833,319.67125,378.255,322.8895833
592,179.5804348,188.7947826,239.9295652,205.3108696,213.676087,193.7065217,217.8,200.2965217,226.0956522,229.9273913,240.1186957,239.3130435,277.7365217,268.5921739,271.0026087,277.9208696,315.9808696,323.5152174,381.9147826,327.2813043
594,181.9954167,191.48875,242.7029167,208.245,217.31125,197.2,221.73875,204.0204167,229.7045833,233.60125,244.1,242.9745833,282.46625,273.1179167,275.6808333,282.78125,319.4033333,327.0975,385.6225,330.9616667
596,187.5695833,197.4570833,250.225,214.9129167,222.5041667,201.5075,226.7733333,208.5475,233.8091667,237.605,248.2145833,247.4825,287.7616667,278.075,280.93625,288.0554167,323.0695833,330.86875,390.0379167,334.93125
598,191.3675,201.3270833,255.8716667,219.1075,229.98125,208.3920833,234.5641667,215.7220833,239.3341667,243.38,254.2675,253.26375,293.7041667,283.7354167,286.7379167,294.0529167,326.0220833,333.54625,392.8154167,338.3616667
600,193.17875,203.4020833,257.7995833,221.2470833,233.9825,212.4608333,239.1233333,219.9520833,243.0479167,247.4779167,258.68375,256.9645833,298.895,288.7316667,291.7125,299.2758333,327.6220833,335.1195833,394.4170833,340.2866667
602,196.9620833,207.6066667,262.6091667,225.8458333,236.3308333,214.3133333,241.3895833,221.875,244.9954167,249.4866667,260.7570833,259.0895833,302.0870833,291.7308333,294.7116667,302.3404167,328.2075,335.8558333,395.6591667,340.9579167
604,202.1466667,212.96625,270.33375,231.6729167,242.6325,219.56125,247.5029167,227.3416667,248.9258333,253.4420833,264.81125,263.3766667,306.07625,295.6441667,298.5579167,306.21375,328.8758333,336.4654167,396.8220833,341.8666667
606,203.195,213.8604167,271.92375,232.4845833,248.4966667,225.2558333,253.8245833,233.27625,252.995,257.805,269.4316667,267.5008333,310.1908333,299.7604167,302.325,310.31875,328.53875,335.9283333,396.0270833,341.8608333
608,205.4345833,216.23875,274.2979167,235.1833333,250.2066667,226.9020833,255.6491667,234.90625,254.5170833,259.4941667,271.21125,269.0908333,312.6920833,302.0008333,304.14,312.6441667,326.4695833,333.96625,394.0358333,339.7179167
610,210.9291667,221.8170833,282.2470833,241.47125,253.6575,229.4858333,258.6933333,237.5041667,256.0183333,260.995,272.5758333,270.9191667,314.02875,302.9575,304.98125,313.7616667,324.52625,332.11625,392.4154167,337.4325
612,212.7183333,223.3254167,285.3925,243.1620833,258.18375,233.6129167,263.3054167,241.7454167,258.2754167,263.38875,274.98625,273.3479167,315.53125,304.2120833,306.1641667,315.1608333,323.3408333,330.7633333,390.8908333,336.1458333
614,212.4816667,222.9666667,284.5408333,242.825,260.0145833,235.7841667,265.5291667,243.9579167,259.83125,265.2295833,277.0166667,274.8983333,317.1366667,305.5991667,307.075,316.69875,320.59875,327.7625,387.3116667,333.2591667
616,216.6154167,227.49875,289.4708333,247.9070833,259.5066667,235.0266667,264.7079167,243.19,259.9033333,265.3229167,277.19625,275.1816667,317.2575,305.67875,306.6179167,316.8229167,317.705,324.7916667,384.1716667,329.8925
618,221.2008333,232.2516667,296.4008333,253.0858333,262.9425,237.6241667,267.6729167,246.0191667,261.3220833,266.6241667,278.555,276.9533333,317.21375,305.8216667,306.50375,316.86625,316.6645833,323.6904167,383.1641667,328.5933333
620,220.09875,231.0970833,294.89125,251.5745833,266.4108333,241.2270833,271.4920833,249.8504167,263.7329167,269.1508333,281.3716667,279.535,318.1645833,306.9570833,307.37,317.8333333,315.7091667,322.36875,381.5479167,327.7058333
622,220.4195833,231.81,294.23,252.1470833,265.6775,240.79375,270.94,249.50125,264.5316667,270.0058333,282.3854167,280.4575,318.3895833,307.285,307.33125,317.9820833,313.9825,320.3541667,379.0854167,325.8904167
624,225.4541667,237.4133333,300.6258333,258.1316667,265.4920833,240.0604167,270.3325,248.8175,265.0295833,270.3029167,282.5608333,281.2008333,317.2258333,306.2816667,306.1595833,316.805,312.6404167,319.0166667,377.4579167,324.3
626,227.7508333,239.6566667,304.5720833,260.4783333,269.11875,243.1658333,273.8845833,251.9179167,266.6558333,271.7491667,283.98875,283.175,315.94,305.1654167,305.2645833,315.6275,312.6970833,319.0625,377.5079167,324.3029167
628,225.2679167,237.0475,300.88375,257.4133333,270.72625,245.2741667,276.1229167,253.9841667,268.5808333,273.7670833,286.2158333,285.345,315.2933333,304.5554167,304.82,315.0475,311.82875,317.8995833,375.9716667,323.5808333
630,226.7545833,238.84625,302.06125,259.4866667,268.64375,243.4858333,274.17,252.1329167,268.9825,274.2366667,286.6754167,285.82375,313.4779167,302.6229167,302.8054167,313.1375,309.7291667,315.7554167,373.4108333,321.5666667
632,230.4988,242.6064,307.7416,263.8964,269.016,243.498,274.2844,252.1228,268.9876,274.2616,286.5244,285.884,310.6692,299.8368,300.0268,310.3428,308.7688,314.9412,372.7628,320.5016
634,229.9366667,241.6570833,308.0716667,263.065,271.9725,246.3754167,277.4516667,255.0320833,270,275.3583333,287.6266667,287.0183333,308.4695833,297.65625,298.1258333,308.1616667,308.6016667,314.74125,372.9525,320.34875
636,226.3891667,237.9183333,303.0225,259.07625,272.2983333,247.21875,278.38,256.03375,271.2658333,276.87625,289.08625,288.0904167,306.8870833,295.9675,296.6408333,306.4633333,307.395,313.4654167,371.4816667,319.3975
638,227.8291667,239.69,304.3620833,261.12875,269.51,244.5775,275.5958333,253.5195833,270.9441667,276.69,288.7866667,287.5341667,304.51125,293.43375,293.9825,303.9216667,305.4291667,311.6533333,369.11,317.4779167
640,231.0716667,242.97625,309.555,264.715,269.8270833,244.4879167,275.6404167,253.4591667,270.1879167,275.8125,287.9116667,286.82625,301.4195833,290.3829167,290.8970833,300.9304167,304.78875,311.16125,368.6916667,316.61
642,228.8183333,240.3708333,307.1241667,261.7145833,272.17625,246.74,278.1316667,255.7454167,270.5345833,276.04625,288.3179167,287.1025,299.4545833,288.29875,289.2225,299.1145833,304.9220833,311.45,369.2770833,316.8958333
644,225.6392,237.1664,301.9952,258.042,271.2848,246.2008,277.4672,255.2436,270.698,276.286,288.8016,286.946,298.702,287.2228,288.4072,298.304,304.4236,310.9552,368.6832,316.79
646,227.8684,239.8168,304.2092,260.878,268.07,243.0656,273.9888,251.952,269.214,274.8528,287.6052,285.0928,297.194,285.4996,286.6448,296.64,303.3876,309.8048,367.2264,315.8416
648,230.4629167,242.3666667,308.2441667,263.7108333,268.3725,242.94625,273.99625,251.6391667,267.76125,273.24375,286.09125,283.30125,295.33,283.7045833,284.90375,294.7720833,303.4541667,309.94875,367.47,315.7704167
650,228.2354167,239.8466667,305.7570833,260.9541667,270.28875,244.6583333,276.0595833,253.36,266.94875,272.3625,285.2345833,282.22625,294.1858333,282.76375,284.2370833,293.7395833,304.1066667,310.8429167,368.49375,316.4220833
652,225.1070833,236.89125,300.8158333,257.52625,269.0991667,243.97875,275.1054167,252.7283333,265.8133333,271.4108333,284.2170833,281.0733333,294.11,282.7725,284.4245833,293.7008333,304.4416667,311.0583333,368.42875,316.71
654,227.4970833,239.8204167,303.4216667,260.5225,266.43,241.5508333,272.2725,250.16375,263.6245833,269.36375,281.8170833,278.82375,294.0929167,282.8104167,284.4025,293.73,304.7004167,311.2366667,368.01125,316.7345833
656,230.0220833,242.5666667,307.3820833,263.3770833,266.7608333,241.52875,272.22125,250.1683333,261.5016667,267.2045833,279.2758333,276.6333333,293.8216667,282.595,284.29,293.5204167,305.6841667,312.5225,369.2166667,317.5183333
658,228.0936,240.4172,305.3956,261.1248,268.4124,242.9588,273.6672,251.7712,259.9928,265.8312,277.694,275.2092,293.8104,282.5092,284.59,293.5784,307.032,314.1296,371.3524,318.8688
660,224.2824,236.4164,299.5248,256.8044,267.8744,242.7468,273.088,251.6952,258.4912,264.6816,276.3916,273.5852,294.814,283.1432,285.6396,294.6344,308.5212,315.6304,373.0688,320.5824
662,225.2984,237.4816,300.2928,258.2168,265.5848,240.6216,270.6192,249.4744,256.1436,262.6184,274.2208,270.9288,295.8916,283.8616,286.3336,295.6476,309.4068,316.6624,373.9424,321.718
664,226.3654167,238.2520833,302.5533333,259.3633333,265.89875,240.6858333,270.6975,249.5891667,253.7866667,260.3633333,271.89625,268.4625,295.97625,283.7570833,286.22125,295.64125,310.3404167,317.8379167,375.5141667,322.6183333
666,223.9979167,235.22,300.28125,256.2008333,267.5595833,242.3220833,272.3475,251.4395833,251.8645833,258.3908333,269.9183333,266.5608333,296.1670833,283.9154167,286.505,295.84375,312.1304167,319.7116667,378.1779167,324.3433333
668,220.2266667,231.1520833,294.9158333,251.5816667,267.6908333,242.9066667,272.77125,252.1758333,250.5958333,257.07,268.4875,265.3525,297.3391667,285.3195833,288.0833333,297.0658333,314.5725,322.0241667,381.12625,326.7654167
670,220.2675,231.39625,294.2979167,251.63625,265.98125,241.5970833,271.175,250.6625,249.18125,255.5645833,267.0320833,264.11125,299.19375,287.5541667,290.2333333,298.90125,316.9525,324.1016667,383.72625,329.1570833
672,222.4083333,233.7466667,297.3695833,253.6745833,265.68625,241.1525,270.4916667,250.00875,247.8933333,254.0416667,265.5666667,262.88875,300.8341667,289.5166667,292.0208333,300.6,319.2679167,326.0916667,386.3479167,331.4666667
674,222.0028,233.3696,297.262,252.6588,266.9456,242.3908,271.5748,250.958,247.2692,253.1772,264.736,262.332,302.0936,291.062,293.5732,302.1084,321.6608,328.702,389.2144,334.078
676,218.5592,229.8856,292.228,248.5792,267.7384,243.6284,272.8364,251.9288,247.1612,253.0304,264.6436,262.4064,304.3272,293.4548,296.0444,304.5516,325.3132,332.8616,393.5168,337.904
678,218.0284,229.5068,290.938,248.2828,266.6092,243.054,272.1112,251.0088,247.0888,253.0928,264.6664,262.4304,307.5944,296.6488,299.1164,307.894,329.1356,336.9732,397.9828,341.9928
680,220.8928,232.5364,295.4912,251.9132,265.6476,242.2704,271.014,250.0232,247.006,253.1844,264.556,262.2396,310.7936,299.6276,302.0184,311.124,332.4344,340.5488,401.9848,345.7952
682,222.3716,233.8252,298.6188,253.7564,266.3096,242.906,271.606,250.7016,247.106,253.488,264.6984,262.4232,313.348,301.9956,304.3976,313.7988,335.606,344.178,406.1392,349.3312
684,221.4292,232.554,297.4768,252.834,266.9076,243.5208,272.2732,251.6308,247.3828,254.1028,265.0772,262.9104,315.9292,304.4092,306.9816,316.5276,339.3272,348.2724,411.2416,353.0512
686,221.7216,232.9844,297.2692,253.3136,265.9036,242.656,271.0528,251.0176,247.7288,254.7516,265.386,263.534,319.0448,307.352,310.2972,319.9656,343.5224,352.6032,416.778,357.2304
688,224.6429167,236.32625,300.87375,256.5408333,264.7033333,241.455,269.42125,249.8566667,248.31375,255.45,265.9225,264.3633333,322.2570833,310.2045833,313.4304167,323.4325,347.2141667,356.4258333,421.07125,361.0895833
690,227.7195833,239.79125,304.6954167,259.68125,264.655,241.1941667,269.16,249.5770833,249.5016667,256.6320833,267.10875,266.08375,326.0895833,313.7491667,316.8629167,327.4695833,351.84,361.27875,426.0733333,365.6120833
692,228.7608333,240.885,305.8475,260.5025,265.56875,242.0495833,270.2516667,250.5395833,251.1175,258.1008333,268.65,268.0016667,329.7245833,317.46,320.6275,331.3470833,357.0245833,366.72,431.5733333,370.4570833
694,228.9766667,241.2225,305.41125,260.6225,266.2741667,243.0841667,271.4279167,251.7825,253.3354167,259.9354167,270.69625,270.3829167,333.6245833,321.8583333,325.39625,335.6004167,363.30625,372.98625,438.2391667,376.6566667
696,230.9908333,243.4966667,307.8829167,263.2891667,266.67875,243.9620833,272.4516667,252.6945833,255.8795833,262.1591667,273.15125,273.005,338.0725,326.71375,330.4158333,340.0491667,369.5216667,379.0641667,445.2820833,383.1216667
698,233.9444,246.8564,312.3556,267.4632,266.9928,244.4752,273.1532,253.3052,258.3012,264.3392,275.7384,275.526,342.4192,331.416,334.87,344.3528,374.8128,384.3792,452.0568,388.7952
700,236.9636,250.25,317.3292,271.2968,268.1148,245.4824,274.5092,254.6876,260.9292,266.6596,278.5936,278.2836,347.1836,336.2388,339.3416,348.9656,380.3116,389.7708,458.7404,394.5128
702,238.3652,251.8448,319.5888,272.8264,269.3236,246.768,276.2732,256.2816,263.0772,268.7412,281.0804,280.8528,351.4196,340.3632,343.086,353.0576,385.5712,394.8272,465.6004,399.9676
704,240.76,254.4892,322.8724,275.4216,269.9624,247.52,277.3484,257.2696,265.1904,271.0036,283.3756,283.4,355.4508,344.154,346.7776,357.2324,390.6336,399.934,473.102,405.3516
706,245.546,259.6664,329.0792,280.6652,270.8132,248.2204,277.9056,257.866,268.2832,274.0772,286.608,286.7548,360.6036,348.826,351.8996,362.5092,396.7468,406.3668,482.18,411.8288
708,251.0352,265.3624,336.4664,286.5016,272.9148,249.8564,279.5888,259.3672,272.1608,277.846,290.8916,290.854,366.6636,354.3404,357.8724,368.5216,403.7244,413.522,491.4064,418.9516
710,254.2848,268.3232,340.73,289.656,276.0852,252.5096,282.7124,262.26,275.9832,281.8012,295.1784,294.8968,372.2716,359.952,363.5132,374.2424,410.7172,420.5672,499.9568,426.1648
712,256.2476,270.3764,343.1956,292.0816,279.208,255.1768,285.6296,265.43,279.662,285.6664,299.21,298.6812,377.8092,365.3312,368.9288,380.074,417.632,427.6816,507.822,433.1812
714,258.7692,273.3564,346.6592,295.552,282.0004,257.4208,288.028,268.0864,283.2668,289.2088,303.2332,302.3392,383.506,370.4976,374.0576,385.7284,424.23,434.1564,514.5176,439.3628
716,261.6284,276.7132,350.7432,299.0248,284.6676,259.3596,290.6964,270.68,286.9768,292.9616,307.1172,306.5364,389.0712,375.876,379.058,391.07,430.5596,439.92,520.0692,445.4068
718,263.7816,279.1388,353.6872,300.99,287.3164,261.648,293.7888,273.48,290.6136,297.1868,311.0144,311.2556,394.6324,381.6148,384.3976,397.1556,436.7424,445.8772,525.7164,451.9492
720,265.0964,280.6404,355.392,302.0916,290.3132,264.828,297.1512,276.5804,294.5316,301.7684,315.4308,315.9976,400.6608,387.2984,390.0308,404.3084,443.0148,452.48,533.0136,458.5876
722,266.5208,282.1732,357.3692,303.6108,293.4964,268.3316,300.5184,279.5496,298.6916,306.3636,320.354,321.098,406.7952,393.5664,395.6644,411.1484,449.2988,459.5004,541.1144,465.1776
724,268.7636,284.6868,360.9196,306.1044,297.0516,272.0004,304.218,282.6144,303.0408,311.1704,325.4632,326.95,412.774,400.274,401.4596,417.7088,455.714,467.1708,549.6688,471.7284
726,271.5832,287.5236,365.0584,309.1856,301.3196,276.2564,308.3196,286.5644,307.9184,316.454,331.1708,333.0108,418.92,406.9948,407.3228,424.6992,462.0188,475.1284,558.5972,478.0676
728,274.1696,289.7104,368.3672,312.0676,306.05,280.8416,312.8288,291.3108,313.9144,322.2244,337.4028,339.1436,425.9832,413.7468,413.7152,431.9584,468.71,483.284,567.8396,484.7612
730,276.2136,291.5376,371.2204,314.486,310.1828,284.9312,317.1068,295.554,320.4968,328.3048,343.6844,345.6716,433.0156,420.8776,420.9616,438.7648,475.3668,491.042,576.6064,491.6688
732,278.2972,293.5956,374.3724,316.8936,313.76,288.4268,320.798,299.3524,327.432,334.7436,350.128,352.1684,440.0364,427.9884,428.7492,445.6348,481.4084,497.5196,584.0064,498.0748
734,280.4928,295.7536,377.1768,319.354,317.3512,291.8376,324.432,303.09,333.6876,340.752,356.3828,357.87,446.3096,434.0248,435.1992,451.9728,486.552,502.054,589.2464,503.6812
736,282.198,297.8032,379.3316,320.9496,321.3476,295.58,328.876,307.2596,338.692,346.1376,361.6088,363.1072,451.0244,438.356,440.3096,457.202,491.2132,506.1712,593.3416,508.2716
738,283.4868,299.9972,381.4284,321.846,325.9716,299.864,333.4376,312.144,343.322,352.0712,366.9672,368.8956,455.8028,442.3444,445.7796,462.4548,495.9504,511.5388,598.4124,512.2688
740,285.218,302.9364,384.4384,323.7772,330.7648,304.048,337.3284,317.2764,349.1156,359.4996,373.606,375.9668,462.9748,448.0816,452.8152,470.0136,501.788,518.1,604.7592,517.7984
742,287.3952,306.0128,387.662,326.1484,334.9356,307.444,340.7164,321.4884,355.3644,367.0572,380.3888,383.112,470.776,455.3992,459.7032,478.1584,507.5504,523.704,610.3804,524.5736
744,289.3488,308.4364,390.1464,328.5424,338.702,310.6272,344.0356,325.1492,360.9592,373.742,386.4992,388.9972,477.5084,462.2252,465.226,484.7984,511.5724,527.8868,613.6192,529.9632
746,290.7024,310.1476,392.3788,331.4196,342.964,314.3372,347.8176,328.83,366.134,379.3968,391.9804,394.2436,482.5176,467.8408,469.51,489.9872,514.3004,530.8468,616.1064,533.6032
748,293.3011538,312.8361538,396.2626923,335.3580769,348.1834615,318.4326923,352.9553846,333.2742308,372.2919231,385.2811538,397.9180769,400.9361538,486.6126923,474.0734615,474.0826923,494.4307692,517.6926923,533.7223077,620.5142308,537.7888462
750,295.8703846,314.8923077,399.0746154,337.9957692,353.1369231,321.7265385,358.2515385,337.595,378.7319231,391.0969231,404.7180769,407.8619231,491.2426923,481.4130769,479.7392308,499.4338462,521.7865385,536.9480769,625.5892308,542.4638462
752,298.4303846,317.2753846,401.3257692,340.9157692,357.1346154,325.0226923,363.1365385,341.4326923,386.0988462,397.97,413.2057692,415.4523077,498.0923077,488.6646154,486.9030769,507.1307692,526.83,541.5234615,631.0169231,547.2903846
754,300.9211538,319.8903846,404.0834615,343.6246154,360.0661538,327.8830769,366.4803846,344.5061538,393.4053846,404.8226923,421.8388462,423.3365385,505.7092308,495.5076923,494.0142308,515.7334615,531.3038462,545.5457692,636.5073077,552.8846154
756,303.3688462,322.4346154,406.9938462,345.6057692,363.2592308,330.4011538,369.3876923,347.7684615,399.1123077,410.3184615,429.2303846,430.0530769,512.125,501.2234615,499.7273077,522.5111538,534.5776923,548.0369231,641.3588462,557.4219231
758,305.636,324.928,409.6704,348.1072,368.0892,334.2236,373.6976,352.1944,404.748,415.8512,436.0328,436.1632,517.806,505.71,505.2164,528.2324,537.3552,549.6804,645.6828,560.3656
760,308.3596,328.2372,413.6716,352.0528,372.9196,338.8424,378.3992,356.4112,409.5536,420.766,440.5976,441.7376,521.5884,507.5972,508.6416,531.2916,538.8204,551.414,649.2324,561.6664
762,312.2244,332.71,419.2496,356.3736,377.8084,343.5328,383.6512,361.1824,415.2764,426.9748,445.8224,449.1404,526.2724,511.3164,513.4684,534.958,541.364,555.0644,654.1264,564.3312
764,314.95,336.6108,423.642,359.166,381.5384,347.4624,388.6888,365.9864,422.3048,435.0516,452.596,457.364,533.6404,518.48,521.3312,542.114,546.1732,558.9032,658.5728,567.894
766,315.7572,338.1152,425.8188,359.856,383.5088,350.0432,391.778,369.1632,428.166,442.3788,458.5788,463.456,540.564,525.1944,527.99,550.196,550.2188,560.22,658.5612,569.7776
768,315.5788,337.6392,426.0832,358.7496,383.7004,351.6144,392.8676,370.2628,429.0384,445.296,461.4328,464.7368,542.1712,526.8716,528.4632,553.5148,549.15,559.1364,651.776,567.7988
770,316.0352,337.9868,426.3016,358.1752,384.196,353.6172,394.0092,372.0164,426.9772,445.2952,462.6892,463.45,537.9904,524.0936,524.9944,551.5428,543.978,555.8872,642.4096,563.4192
772,317.3284615,339.6615385,429.1561538,359.8888462,386.4976923,357.6223077,397.0569231,375.8807692,427.4061538,447.88,465.6838462,465.5303846,533.3876923,523.1073077,523.4696154,550.6430769,540.1192308,554.5757692,637.7223077,560.3292308
774,318.8526923,341.6311538,431.5934615,361.7996154,388.9007692,361.3792308,400.0830769,379.0911538,429.5765385,452.005,470.2088462,469.6184615,531.7511538,524.8430769,523.8730769,552.6046154,539.4942308,556.4284615,636.4369231,558.8757692
776,319.9092308,343.7011538,432.3723077,363.1826923,390.1523077,364.8107692,402.4523077,381.6876923,433.1496154,456.385,476.2792308,474.3642308,534.1511538,528.3869231,524.81,555.4926923,538.6846154,559.1373077,636.3073077,558.7211538
778,319.6280769,344.8180769,432.9165385,364.2084615,390.7973077,367.3065385,404.4819231,383.83,437.5188462,460.6453846,481.1373077,478.5146154,538.7611538,533.3876923,526.3603846,560.4219231,538.0796154,558.8673077,637.1419231,560.0623077
780,320.0376923,345.835,435.4211538,365.1584615,392.0576923,370.0592308,407.1857692,386.5684615,439.6126923,462.7030769,482.4711538,479.93,541.5080769,536.6257692,525.175,564.4134615,537.6019231,555.8869231,636.1646154,560.1926923
782,321.2176,347.5984,437.3288,366.3008,394.7172,373.1792,410.6096,390.3044,438.3664,460.7856,480.8864,478.3984,540.5364,534.5264,518.9028,563.9152,533.6672,549.9428,630.7876,555.6492
784,322.9752,349.0836,439.8808,368.6556,399.8856,377.0324,415.5308,395.7476,438.6352,459.9992,479.5108,479.1272,538.452,529.4988,514.9908,561.344,528.6368,545.0268,627.8108,551.0508
786,324.7296154,349.9511538,442.3707692,370.0530769,406.6215385,380.6823077,421.9173077,400.7719231,442.9238462,465.1573077,481.7853846,484.6084615,538.3719231,528.2453846,517.3657692,563.6115385,528.8415385,544.5676923,629.8173077,551.4784615
788,326.2861538,350.7934615,442.9719231,370.5103846,409.8623077,382.0546154,425.005,402.8061538,445.9365385,469.1042308,486.6146154,489.4384615,539.5976923,528.6603846,521.1811538,567.3446154,530.6,545.9238462,630.9696154,553.2346154
790,327.8126923,352.23,443.4803846,372.4776923,409.0442308,380.6823077,424.9546154,402.46,446.8338462,471.5934615,491.4776923,493.9688462,543.2884615,529.5442308,525.615,571.9657692,531.9019231,547.1107692,631.3126923,554.4988462
792,330.8634615,355.5796154,448.1503846,375.9619231,408.4534615,379.2515385,424.7865385,401.2861538,444.8330769,471.88,492.7453846,495.5573077,545.1396154,528.5673077,527.1030769,573.6042308,530.5680769,545.6026923,628.6719231,554.7519231
794,335.0015385,359.6223077,455.7069231,380.5815385,410.7657692,380.3919231,427.0119231,402.1046154,440.145,468.9992308,490.3584615,493.7996154,540.8003846,523.9592308,522.4003846,569.5130769,524.995,541.0996154,621.3930769,551.4973077
796,338.5224,362.698,462.8244,385.6836,415.1264,384.7548,432.374,407.3392,435.5916,465.6436,487.6788,492.3376,533.2096,515.8884,515.8236,560.3632,516.1564,534.6632,612.5948,544.5744
798,338.7107692,363.9569231,464.4630769,386.7507692,421.3953846,392.4038462,440.9988462,416.1573077,439.9365385,469.9938462,490.8915385,497.3169231,530.9623077,514.1496154,514.66,556.2646154,514.51,533.0992308,614.5119231,539.3584615
800,338.5065385,365.2030769,463.8803846,386.4319231,426.9530769,398.3315385,445.3723077,420.9523077,447.4157692,475.965,495.7411538,502.4457692,532.5815385,518.2742308,516.4269231,557.8426923,517.375,536.2461538,619.1173077,538.3280769
802,338.545,366.3119231,462.4461538,386.8196154,429.1484615,400.4426923,445.2561538,421.8073077,452.7115385,479.7723077,499.0419231,504.2438462,534.7896154,522.3134615,519.4846154,559.9426923,521.08,540.8053846,621.88,540.3653846
804,339.4680769,367.9838462,462.4607692,388.6934615,428.1546154,399.3757692,443.2892308,420.6753846,451.6903846,478.5588462,497.9911538,499.4119231,535.3496154,520.7411538,518.8688462,558.9807692,523.1711538,540.7703846,619.8207692,539.6411538
806,341.3215385,370.4988462,464.9519231,391.3534615,428.0411538,399.2969231,442.2057692,421.2365385,445.5003846,472.1430769,492.2876923,491.2673077,532.155,514.4819231,513.6926923,555.4223077,521.0107692,536.3076923,611.3726923,535.035
808,343.5884,373.1928,467.7716,393.6976,431.4372,401.9996,443.0884,424.5636,436.4952,463.3444,482.5852,483.362,521.638,503.4924,505.2684,546.1172,512.7292,527.738,595.5684,525.768
810,341.4223077,371.1692308,464.3642308,389.7676923,435.3611538,406.7976923,447.6923077,430.35,432.9603846,461.6961538,478.8734615,483.2088462,509.0026923,492.8653846,500.0573077,537.2592308,505.5369231,519.3926923,585.1384615,514.5703846
812,338.9888462,368.1496154,459.4,385.9980769,437.7146154,410.1338462,452.0526923,434.7138462,435.5307692,465.6523077,483.4180769,488.1611538,505.1619231,489.9557692,500.0384615,538.1561538,503.5530769,516.1557692,583.4665385,509.0126923
814,339.8707692,369.0280769,457.4569231,385.9930769,438.3342308,412.2319231,454.2103846,435.4126923,441.2092308,471.7984615,491.395,495.0042308,509.3803846,495.0119231,505.0653846,544.9088462,504.7961538,518.8438462,588.4538462,511.2330769
816,345.9073077,374.79,462.9369231,391.9157692,440.9315385,413.5315385,455.7353846,433.5915385,446.4380769,475.3065385,495.7184615,497.6930769,514.3823077,501.695,508.5761538,547.7926923,508.3646154,522.635,597.0523077,515.9919231
818,356.6722222,383.4751852,476.5959259,403.7381481,448.9018519,416.1537037,460.5155556,433.8114815,450.3014815,475.3988889,496.277037,495.7818519,519.0937037,505.2655556,507.8577778,545.2281481,511.7607407,525.1566667,604.7651852,523.0948148
820,367.9938462,392.55,491.6588462,417.4942308,459.4234615,420.0880769,468.2426923,436.5492308,451.795,472.5126923,494.3780769,491.5819231,523.0984615,505.5869231,505.0173077,539.8480769,511.9211538,525.5084615,608.0423077,529.7969231
822,373.6392308,396.305,499.7919231,424.3884615,472.3703846,428.185,479.2361538,444.0792308,455.8146154,472.8292308,493.1519231,491.6530769,523.2123077,503.7265385,502.9596154,531.3669231,510.3684615,523.4292308,608.3269231,530.5273077
824,373.5215385,394.3523077,500.4842308,423.5915385,484.8073077,437.5076923,490.2161538,454.1646154,465.9526923,479.9580769,497.2592308,499.6957692,523.5711538,505.1380769,504.6030769,527.1830769,511.1334615,523.08,611.1465385,529.4073077
826,369.6365385,390.5969231,494.8611538,418.0415385,488.0630769,441.3307692,494.7088462,459.9819231,476.5169231,490.4773077,505.9680769,510.9911538,527.23,510.4611538,509.9538462,532.7638462,513.6503846,525.5173077,614.2665385,529.7611538
828,368.0865385,390.8511538,492.5557692,416.2384615,478.8003846,434.2292308,487.1038462,455.0911538,478.1765385,494.3269231,510.7380769,513.2711538,531.7338462,514.6203846,513.7153846,541.5230769,515.7319231,527.6292308,613.5088462,530.9169231
830,370.4192308,395.0046154,496.5080769,419.3723077,470.5930769,427.0046154,479.3592308,448.7984615,474.1076923,491.9661538,509.5315385,509.0653846,534.165,515.4115385,513.1238462,545.3315385,516.9776923,528.1934615,611.5019231,532.5553846
832,374.03,401.3811538,503.0861538,423.8126923,464.5773077,420.9526923,473.8284615,444.5242308,463.5853846,482.8465385,501.6611538,499.7126923,530.2073077,510.9946154,505.5773077,543.0253846,515.2315385,525.3223077,605.3161538,531.8803846
834,372.9851852,403.8014815,504.3585185,422.9962963,464.6337037,419.787037,473.8455556,447.3725926,449.7825926,468.3496296,490.1096296,488.9962963,513.1174074,497.8551852,489.8177778,531.8414815,506.9511111,515.7485185,590.5166667,524.462963
836,369.7881481,402.2807407,500.9992593,419.9996296,468.6737037,422.4674074,475.89,453.107037,442.0988889,459.7992593,484.1244444,483.9451852,498.14,485.5022222,477.5537037,521.7807407,498.9885185,506.6696296,579.9144444,516.9048148
838,362.4630769,396.8757692,490.9726923,412.44,474.4011538,429.2288462,480.9973077,463.1653846,442.9415385,462.045,485.9134615,490.2407692,488.8119231,477.5519231,472.3269231,517.9257692,493.0126923,501.8830769,575.9788462,509.8730769
840,354.1711538,390.6819231,479.245,404.31,469.8969231,428.2430769,477.2223077,466.2388462,444.8180769,468.8057692,490.2919231,498.67,483.6142308,474.8623077,471.67,519.4438462,487.8453846,498.8826923,571.7884615,504.2830769
842,350.0862963,386.3225926,471.8059259,399.5014815,456.6259259,418.4703704,465.1740741,459.0359259,438.9696296,469.2666667,491.5381481,500.2418519,477.8096296,475.0385185,468.2666667,520.3588889,482.2318519,495.0737037,567.8437037,501.7025926
844,351.9123077,386.2861538,472.615,399.5961538,442.6803846,408.68,454.9238462,449.1707692,428.0726923,463.2046154,488.5807692,495.4107692,475.4061538,475.6588462,465.3876923,521.8373077,478.5161538,493.3492308,569.2126923,503.1984615
846,353.4538462,386.1673077,476.6780769,398.6726923,434.9280769,403.1823077,451.9719231,445.53,411.7719231,449.8876923,476.6892308,482.1588462,468.1638462,467.8642308,455.5588462,518.7269231,471.9588462,488.8661538,563.1792308,500.4134615
848,348.467037,380.8037037,475.8588889,391.7425926,438.212963,404.7644444,457.3551852,450.7607407,396.5240741,434.7051852,463.3566667,465.4937037,452.507037,451.542963,435.7503704,508.6188889,461.4785185,477.3340741,548.5022222,491.3937037
850,341.5144444,374.3555556,469.9996296,382.672963,446.3733333,412.3733333,466.3711111,456.6485185,390.0511111,425.1711111,456.9855556,458.9522222,439.4111111,438.7077778,422.2318519,498.402963,454.9755556,468.9633333,538.4011111,483.0148148
852,335.2023077,369.0438462,462.9623077,372.6965385,456.0884615,424.1184615,477.4465385,464.2784615,394.3638462,425.3284615,459.1096154,459.4373077,435.4196154,428.6130769,420.6042308,494.0184615,454.0111538,466.4096154,533.7388462,476.6676923
854,333.6446154,368.54,460.6284615,369.9738462,457.9053846,427.0146154,476.5684615,466.2292308,403.6453846,434.2242308,468.0842308,462.0934615,444.1330769,428.9792308,426.5307692,499.6392308,458.5826923,470.1715385,537.8015385,475.915
856,336.9637037,373.342963,465.1651852,376.9448148,450.5733333,420.1248148,466.4240741,459.5896296,409.3625926,440.012963,476.1188889,465.8292593,456.8625926,438.3303704,435.3062963,509.7366667,467.7603704,484.3425926,549.2507407,484.1577778
858,343.1826923,380.7307692,472.3726923,386.4703846,439.5338462,412.6530769,459.0230769,449.5203846,408.2503846,439.1984615,477.185,465.3769231,466.3188462,446.2023077,444.9919231,514.36,477.8176923,499.6323077,557.1996154,496.2092308
860,347.0584615,385.2926923,479.5419231,393.0957692,435.6207692,410,458.4438462,449.8561538,398.8511538,431.2019231,466.9803846,451.8342308,466.46,446.1576923,442.5657692,511.2630769,480.4676923,505.2192308,557.8315385,501.935
862,342.5496296,383.4633333,481.3255556,393.672963,442.7359259,417.2907407,467.1055556,462.7040741,388.7040741,423.47,452.8314815,438.727037,453.8714815,439.132963,433.0025926,501.8522222,475.8511111,502.7955556,553.43,499.5607407
864,332.9411111,377.6714815,474.8196296,389.9074074,452.3459259,427.7003704,479.0888889,475.262963,387.7411111,422.472963,446.9448148,438.247037,441.3348148,430.7666667,429.4155556,493.0877778,470.2848148,497.9114815,547.072963,496.5048148
866,323.0474074,372.8525926,466.0385185,385.0225926,463.0196296,438.5622222,490.777037,486.1874074,400.062963,434.5385185,454.1366667,447.8640741,439.6585185,428.1918519,435.1037037,490.7896296,465.4003704,491.6592593,545.5725926,493.3192593
868,322.3537037,375.1940741,465.9192593,386.2040741,467.022963,441.5714815,491.6692593,490.3255556,415.9737037,453.8481481,468.6662963,463.0325926,451.2185185,439.5366667,450.9577778,504.3722222,469.6522222,495.2918519,560.3166667,496.2292593
870,330.5040741,384.3362963,475.6285185,394.212963,465.2444444,437.3988889,486.6033333,486.3055556,430.6403704,472.2225926,486.9792593,479.29,473.4381481,457.5355556,476.2137037,527.7048148,484.7422222,510.8462963,587.0855556,512.4592593
872,346.6755556,397.5359259,494.3140741,409.5744444,462.1425926,427.2514815,480.7514815,475.742963,438.3940741,479.9081481,498.7722222,485.2514815,502.7548148,475.8940741,497.9707407,550.8455556,504.4159259,533.8433333,615.1748148,536.0574074
874,358.7185185,404.5885185,506.5662963,418.2266667,470.0977778,427.3885185,484.7759259,473.5607407,436.572963,476.3166667,495.3351852,480.6307407,514.43,483.6437037,501.617037,553.3692593,517.5833333,547.6948148,630.2133333,548.8762963
876,368.3130769,406.4792308,513.505,421.175,488.9511538,439.2996154,499.8473077,479.7173077,433.2284615,469.0084615,486.625,474.5846154,514.5484615,485.4126923,499.1226923,543.7319231,530.8642308,556.5880769,640.8719231,559.6007692
878,369.1140741,399.5737037,508.4107407,417.1455556,513.9251852,458.8122222,521.7937037,492.1296296,435.7003704,462.0544444,479.6333333,473.0222222,505.1651852,479.3503704,490.0759259,523.6496296,535.0459259,556.7714815,640.1377778,562.4192593
880,365.1011111,390.1803704,497.8007407,411.1951852,533.0488889,475.612963,540.2566667,503.9707407,444.8796296,462.7796296,479.5151852,479.0218519,495.8548148,475.0066667,483.0222222,507.772963,534.047037,554.63,635.4422222,559.1962963
882,359.8392593,383.5525926,485.1262963,405.857037,539.8907407,485.1088889,547.0218519,509.632963,465.5862963,478.2785185,493.2255556,499.2462963,494.8907407,482.4885185,487.6455556,503.5448148,538.1040741,555.8355556,637.8485185,559.5125926
884,362.412963,388.617037,487.3933333,411.7418519,526.18,476.7233333,534.8385185,500.0807407,481.0233333,494.9859259,510.3811111,514.6825926,508.3411111,499.1896296,502.8196296,519.6755556,546.9966667,567.1022222,648.1622222,568.267037
886,371.6911111,400.5237037,501.6088889,425.2907407,503.8644444,459.867037,514.8311111,482.742963,483.7237037,503.1211111,519.2755556,517.7144444,525.9685185,516.5622222,518.3044444,541.5503704,558.0614815,582.3233333,662.2711111,581.6044444
888,383.0396296,414.1355556,521.617037,439.9374074,486.4140741,443.8681481,497.4811111,467.3966667,476.04,498.857037,515.8151852,508.2081481,543.1033333,531.6477778,529.4051852,560.6992593,573.4566667,598.6174074,680.1596296,599.0377778
890,389.1740741,420.6007407,533.92,446.6181481,483.1662963,438.4651852,492.8281481,462.76,464.8911111,488.0292593,505.1877778,495.3833333,550.6992593,537.2214815,531.3155556,567.7662963,583.5896296,606.8985185,691.5296296,610.2144444
892,390.5881481,420.3144444,538.4596296,446.8792593,492.1981481,443.517037,499.0722222,466.9418519,449.3974074,472.1003704,488.1125926,480.0807407,547.5551852,532.2751852,524.4259259,563.7407407,586.617037,607.4488889,694.95,615.0707407
894,383.9066667,411.8611111,530.0785185,437.627037,506.1055556,454.9974074,510.7355556,477.5251852,442.4788889,463.2896296,477.7562963,475.9562963,536.1722222,520.9914815,514.1948148,553.5648148,581.3681481,599.4662963,689.3037037,611.4985185
896,374.5664286,404.5978571,517.0825,425.9989286,513.6353571,463.0217857,519.0725,486.7028571,448.8875,468.9939286,483.4842857,488.1164286,527.6725,514.8767857,512.6875,551.4075,574.5928571,591.8582143,683.5846429,605.6332143
898,377.3466667,409.9788889,518.0855556,428.1203704,507.6359259,459.4814815,514.7025926,483.8040741,466.1503704,486.7740741,502.9974074,509.1692593,535.32,524.5162963,528.1903704,563.722963,578.1555556,596.8307407,689.7622222,607.8085185
900,389.5911111,424.8644444,532.0744444,442.0788889,491.2896296,447.1118519,500.0540741,470.4733333,483.8725926,505.9755556,524.6525926,528.4262963,553.422963,543.402963,551.7144444,585.4133333,590.2466667,610.8681481,703.0922222,617.7274074
902,405,445.7266667,553.1540741,461.2937037,467.99,427.6337037,479.8555556,451.1125926,494.7077778,518.8840741,541.5437037,540.0933333,577.0677778,566.1085185,577.1211111,612.0507407,604.0974074,628.9077778,718.4618519,631.8503704
904,413.6792593,460.4633333,570.4407407,472.5237037,452.672963,412.6755556,468.0096296,439.5655556,489.6303704,512.5996296,539.2759259,535.4037037,591.8018519,577.7207407,587.3811111,625.2885185,609.9992593,641.2474074,727.5255556,641.3925926
906,412.8511111,464.9592593,580.8985185,473.7581481,453.0918519,412.0440741,471.4351852,444.6074074,472.9266667,491.3837037,517.92,514.51,596.2555556,578.557037,580.3396296,626.6748148,613.9837037,649.5144444,731.2437037,649.9814815
908,398.7914815,451.9225926,566.5159259,459.7051852,467.192963,424.3655556,487.79,461.212963,458.7925926,475.8525926,499.3896296,500.1862963,581.5907407,564.7922222,560.6088889,614.7951852,605.182963,641.3825926,718.7437037,646.8425926
910,386.2775,437.2885714,545.935,444.6428571,486.5675,442.1585714,507.6114286,480.8678571,458.2535714,473.275,494.5757143,502.5264286,566.5196429,551.3514286,548.115,599.115,596.9260714,632.8382143,711.595,641.1610714
912,378.2918519,426.212963,530.5303704,434.3140741,505.6451852,461.0614815,526.61,500.72,466.0603704,478.7555556,497.5851852,511.7951852,556.8285185,543.5518519,542.0707407,588.3933333,595.7151852,629.8351852,712.187037,638.5025926
914,382.7521429,426.7996429,528.8464286,439.425,515.6085714,472.4903571,536.5007143,509.7142857,485.6875,500.4728571,518.0107143,530.1625,562.2071429,552.3842857,554.5221429,594.7039286,609.0096429,638.9203571,723.9860714,645.1678571
916,393.3222222,435.7477778,536.8692593,452.3114815,510.0392593,466.9911111,530.967037,501.8644444,503.7359259,522.1533333,542.9418519,550.2377778,577.8755556,567.0159259,578.92,609.6925926,621.7025926,651.1644444,739.8933333,654.5903704
918,399.7853571,445.7703571,555.4964286,463.6385714,488.8257143,448.1396429,512.0542857,485.5782143,499.87,525.0507143,547.4532143,549.9728571,598.6042857,578.0496429,598.0360714,627.4310714,627.8842857,661.9221429,758.1092857,664.0425
920,394.432963,445.6866667,569.2455556,465.2288889,466.642963,433.8051852,497.2262963,474.7418519,475.6855556,512.3807407,533.1155556,527.3296296,606.9744444,581.3159259,597.1066667,642.6418519,625.0266667,668.1744444,762.4762963,668.3222222
922,378.1689286,433.8746429,574.38,454.0153571,453.7746429,430.115,491.6114286,476.9782143,439.8867857,488.055,507.2307143,493.0882143,596.3685714,573.0592857,576.3875,648.0275,607.7446429,669.8210714,758.2639286,670.9292857
924,358.1,417.7122222,571.7974074,435.8937037,452.9411111,430.0003704,489.7255556,493.117037,406.3096296,463.1,478.4403704,462.7744444,579.1711111,554.7592593,548.9133333,635.5522222,587.7662963,660.9340741,753.3207407,669.3525926
926,338.035,399.2342857,556.5864286,416.4028571,466.4771429,437.7071429,499.3942857,517.2617857,387.5375,448.3475,457.615,446.2578571,553.7932143,530.0725,519.3185714,608.1432143,572.5317857,649.8046429,739.1610714,657.7989286
928,324.0303704,389.4574074,544.527037,399.9714815,483.0325926,450.0614815,511.9159259,536.0492593,382.2644444,445.4322222,452.4588889,443.7503704,525.9903704,511.9274074,494.7748148,589.1092593,558.4607407,644.3085185,716.1922222,643.6437037
930,325.0142857,400.6846429,539.2625,398.8328571,489.5535714,449.0025,507.4339286,537.6507143,391.8467857,457.7528571,467.3810714,461.9939286,516.6539286,503.79,493.0935714,588.1767857,550.9560714,637.7575,700.4225,635.4864286
932,339.325,426.8067857,547.2332143,418.9046429,484.2771429,435.1692857,493.0125,526.6064286,414.8807143,479.6875,492.3417857,490.5657143,533.1578571,511.3496429,516.9510714,598.7085714,561.9675,638.4760714,702.4528571,638.9614286
934,358.915,454.295,564.6546429,442.9971429,470.4835714,423.9853571,480.9889286,506.8242857,436.2728571,497.9860714,514.0857143,511.6071429,558.9914286,530.1142857,548.6732143,624.4696429,579.7817857,652.6042857,710.285,651.7889286
936,377.8357143,475.8078571,580.5917857,460.6289286,451.6325,414.3535714,462.3903571,484.6953571,443.3046429,506.1553571,524.2703571,517.165,577.9275,551.325,575.5789286,657.7442857,592.3653571,662.9114286,718.0053571,671.6939286
938,379.4210714,475.38,581.4917857,463.6039286,443.4632143,411.2332143,452.0889286,477.8417857,435.02,497.5528571,516.8325,503.0771429,581.4232143,557.6185714,582.8067857,671.3192857,598.7432143,658.9935714,728.4882143,688.4525
940,369.05,463.3428571,575.2260714,455.5057143,457.9739286,427.65,467.1496429,492.6457143,425.3025,478.6610714,497.3128571,482.81,576.5007143,556.7035714,575.5253571,673.3028571,609.0014286,654.8057143,746.2975,709.23
942,352.3233333,442.6348148,555.4107407,432.0885185,475.2940741,452.0962963,489.5588889,512.7266667,410.4425926,458.4344444,472.4240741,465.6844444,552.9296296,540.2825926,548.5307407,660.8333333,605.9862963,644.4244444,739.6907407,705.6688889
944,335.7439286,420.2728571,528.5610714,408.5489286,482.9535714,466.6557143,507.8039286,532.7167857,399.1832143,452.1378571,458.0292857,462.7035714,520.2357143,513.6135714,516.0007143,639.4821429,590.2314286,629.2471429,718.5396429,683.7842857
946,330.3242857,413.9317857,514.7178571,401.4096429,492.4917857,475.6232143,523.6328571,555.7546429,409.3846429,464.5253571,465.2839286,477.9135714,503.5228571,498.0707143,499.2871429,625.7860714,578.8528571,618.8175,711.8796429,668.1932143
948,338.1964286,420.8689286,516.9817857,408.4771429,489.5960714,476.3360714,524.8042857,561.2714286,426.8946429,486.3228571,482.2707143,503.3435714,504.1785714,495.9207143,498.2789286,621.5367857,572.0764286,616.1821429,712.5753571,651.8821429
950,349.7171429,429.3025,530.7371429,418.585,461.8871429,457.6278571,500.5735714,544.8082143,436.6496429,508.8907143,503.2842857,525.9525,504.2346429,493.575,501.3175,616.3439286,552.3514286,614.6725,704.205,621.1717857
952,354.1275,434.5075,544.3439286,423.7892857,441.9853571,428.4489286,471.9782143,524.71,434.6110714,510.5121429,514.6725,520.3239286,505.1253571,493.2975,509.0885714,617.7603571,532.0617857,607.4464286,692.6321429,608.8675
954,350.3675,436.075,556.8396429,424.6064286,436.6757143,399.225,451.9557143,511.5957143,423.555,493.2367857,514.4096429,495.7632143,512.8492857,494.3289286,514.1296429,632.4135714,517.5742857,604.3928571,690.3346429,621.6078571
956,333.0867857,426.2921429,571.4807143,408.15,436.4992857,391.6560714,459.2542857,529.7639286,398.9371429,471.2485714,500.3385714,462.1278571,521.9182143,486.6321429,505.3246429,655.4442857,510.3560714,624.2485714,695.9778571,633.3660714
958,312.81,408.6171429,575.7907143,389.0335714,448.0453571,398.4228571,480.8364286,580.3332143,372.8967857,449.9485714,484.8235714,430.9278571,519.5289286,478.8389286,487.2475,670.505,501.6314286,636.1385714,679.5175,632.8796429
960,293.205,385.0567857,560.19,368.4732143,478.5364286,415.67,514.2310714,652.725,352.4864286,426.1871429,474.4053571,407.6057143,507.2114286,465.505,462.0014286,681.3875,497.8939286,633.7453571,657.2932143,636.5460714
962,284.5641379,374.5341379,541.4744828,355.6131034,501.47,434.2558621,543.4424138,684.2393103,349.7217241,422.9968966,476.7655172,410.1486207,494.3255172,456.4424138,446.9003448,686.347931,497.7027586,635.132069,644.7468966,634.5048276
964,279.5989286,372.2207143,533.1132143,351.4178571,512.9021429,449.6178571,563.2271429,700.4685714,354.99,437.0357143,490.1592857,424.2610714,484.0389286,454.4017857,443.4803571,682.3342857,494.9085714,629.3092857,626.4878571,611.6932143
966,286.9635714,382.6385714,529.8825,366.5882143,510.2217857,453.3625,548.1142857,675.8514286,373.3407143,462.1503571,527.1696429,458.26,474.9021429,462.3310714,455.1839286,670.2989286,496.6596429,597.1014286,601.6857143,589.3110714
968,305.5482759,409.5996552,545.67,392.4434483,497.5610345,447.7065517,523.9989655,629.72,395.1186207,487.5927586,563.0251724,495.3324138,481.1034483,481.9472414,478.4203448,673.0193103,503.9348276,579.1503448,623.1713793,596.6648276
970,319.3903571,439.7085714,573.8835714,413.4796429,475.5792857,435.1614286,511.1060714,580.3803571,410.8232143,514.8742857,579.7335714,520.5021429,500.9267857,511.8107143,505.1553571,686.7510714,506.6675,572.5567857,651.4103571,599.87
972,325.665,456.6292857,593.5307143,426.2267857,454.9578571,429.2146429,501.5017857,568.59,419.7407143,529.34,584.2517857,536.0953571,529.7303571,543.9410714,525.3714286,707.5721429,518.9217857,575.5014286,677.21,607.5978571
974,338.3772414,462.3355172,603.6551724,437.2517241,475.0248276,452.1541379,517.1458621,581.7644828,433.2775862,530.6341379,584.3082759,541.0413793,565.1072414,576.3334483,551.682069,731.1086207,553.7444828,609.4258621,725.8231034,648.4686207
976,351.3655172,463.9617241,606.2744828,443.1637931,517.5737931,481.5586207,555.96,606.5013793,444.6937931,524.2772414,567.7341379,537.6786207,605.402069,608.1655172,576.3051724,751.9189655,587.1610345,650.8368966,782.6048276,693.3668966
978,349.1742857,454.0178571,589.0057143,429.6089286,551.7046429,502.3021429,592.0825,629.5217857,450.1703571,512.7164286,545.5985714,530.0782143,630.795,612.1385714,583.2146429,759.8682143,605.6364286,678.4857143,803.6092857,709.2632143
980,332.4924138,433.9768966,546.6903448,404.7917241,567.0248276,512.3382759,623.5310345,648.6462069,443.8962069,485.192069,525.5565517,512.9317241,614.0486207,574.9958621,559.47,739.5148276,602.0637931,671.9155172,770.2889655,689.8144828
982,310.5631034,418.5503448,512.132069,386.4841379,560.5896552,500.3275862,628.3886207,648.5848276,420.1296552,455.2413793,493.2168966,485.3586207,567.0875862,524.7655172,523.8189655,692.3958621,574.5437931,630.2772414,707.49,661.1027586
984,285.9628571,400.6603571,491.3846429,366.4135714,523.5957143,462.3289286,593.2871429,634.0778571,384.8253571,434.6992857,461.7064286,461.5132143,509.1510714,472.4878571,474.5946429,656.6685714,518.33,562.3657143,630.0492857,605.06
986,274.3107143,392.7625,496.0153571,361.6542857,484.8817857,425.9532143,555.0517857,614.7128571,365.5960714,433.685,461.4678571,457.6357143,468.9203571,436.8960714,453.3853571,657.49,465.3532143,513.2275,561.3096429,545.4439286
988,301.6931034,423.3362069,539.0024138,396.657931,471.8796552,420.7589655,543.0593103,599.5293103,391.0931034,473.657931,501.9565517,489.7748276,486.5151724,457.6986207,486.4534483,688.407931,469.4617241,529.9286207,568.3906897,551.2441379
990,339.5668966,460.5717241,598.6044828,443.8362069,471.3127586,419.0506897,520.3217241,578.6810345,427.4831034,525.5596552,544.1303448,524.8210345,521.8055172,503.04,536.8817241,721.9410345,487.95,566.5696552,617.0106897,594.1989655
992,361.4153571,471.7853571,649.7864286,460.1203571,488.1660714,426.6303571,516.9785714,572.23,455.2592857,561.2267857,571.17,541.6732143,549.7485714,534.5392857,568.7503571,763.1592857,495.7214286,605.3732143,674.7521429,620.3657143
994,351.3965517,457.052069,640.957931,433.75,486.9296552,424.98,517.7234483,578.1872414,450.7824138,552.887931,550.5196552,519.0989655,542.9955172,523.672069,550.4344828,788.3082759,479.2165517,613.6451724,682.0344828,604.9431034
996,316.9703448,419.9910345,572.7358621,385.4786207,459.3755172,397.4658621,488.4062069,601.5596552,415.7786207,508.9889655,493.5593103,466.7382759,493.9655172,477.9565517,487.9117241,747.6831034,442.6710345,577.1896552,639.2168966,564.1817241
998,257.1048276,349.2744828,470.6217241,314.4248276,430.6186207,350.45,437.7562069,638.8334483,344.1313793,429.2127586,415.6789655,380.3989655,407.6344828,392.682069,397.6386207,669.8727586,374.4934483,484.5458621,546.2637931,485.2327586
1000,205.8858621,297.8489655,402.6465517,243.7124138,408.8196552,322.3017241,423.0331034,686.23,278.3096552,367.317931,345.8389655,305.8396552,333.0375862,312.4182759,318.0724138,639.7886207,309.8617241,404.9989655,465.6403448,412.3855172
1002,184.5641379,281.5706897,371.2734483,208.6744828,390.4424138,315.1696552,424.2727586,853.5841379,248.4282759,339.3824138,311.4406897,273.6955172,298.7651724,270.9493103,280.5044828,633.1134483,280.0793103,357.3803448,410.2237931,363.7265517
1004,177.9572414,275.1513793,350.5731034,195.1103448,369.5358621,294.7834483,402.0806897,1004.283103,236.9410345,314.4372414,306.0275862,261.6110345,280.1637931,245.6296552,266.5324138,578.9906897,265.8458621,318.9693103,367.1968966,336.9051724
1006,182.1286207,281.4268966,379.2641379,196.1075862,362.3668966,284.4417241,404.0627586,1008.727241,241.1372414,303.5255172,318.3975862,263.1558621,275.3444828,240.1148276,267.5689655,546.8313793,262.1624138,306.1351724,362.7751724,341.2958621
1008,186.067931,294.9417241,448.5793103,197.0689655,359.8917241,287.9275862,418.8662069,994.5817241,248.9817241,306.002069,325.0224138,268.6941379,276.3541379,249.2331034,273.4531034,576.8941379,259.7110345,317.957931,375.5044828,360.4693103
1010,184.5468966,289.2637931,455.2727586,186.1555172,341.2113793,269.7427586,379.6506897,948.4227586,241.5796552,299.5917241,315.8337931,264.9241379,271.922069,249.8689655,267.7817241,588.2348276,255.3437931,323.4465517,350.7703448,353.3741379
1012,177.375,278.5526667,419.9226667,172.4686667,314.669,238.9326667,329.5776667,739.4603333,224.834,281.6746667,295.5366667,251.4836667,268.7003333,239.231,259.273,537.0086667,248.523,312.998,328.0426667,326.308
1014,166.6776667,278.2813333,407.3643333,157.786,304.2426667,236.0883333,312.8816667,584.068,210.8533333,267.3503333,273.858,234.4213333,264.8443333,229.5073333,251.526,507.3436667,239.6666667,303.6126667,323.526,304.0296667
1016,153.9682759,277.8489655,387.4589655,135.05,295.852069,240.3455172,299.732069,563.7755172,192.4124138,255.2113793,249.5789655,214.0424138,258.0441379,216.3182759,237.9162069,500.2782759,224.9682759,291.6213793,311.5103448,269.9951724
1018,138.6737931,257.822069,313.2493103,102.1737931,265.9268966,217.3444828,270.0096552,512.7124138,167.0810345,230.5565517,210.8665517,191.3696552,235.7603448,191.3137931,205.0617241,451.8937931,203.702069,261.9972414,277.4782759,217.1096552
1020,126.6786207,232.4824138,255.1058621,85.07172414,240.292069,197.6358621,246.1262069,492.4734483,151.6558621,190.5693103,180.9417241,171.3468966,208.7741379,167.4982759,179.7382759,371.5762069,185.7196552,229.0889655,247.5827586,169.2424138
1022,122.0604167,221.5458333,242.1604167,79.14375,239.0841667,197.4783333,243.06,521.9716667,148.7729167,172.8254167,176.89125,166.11875,194.965,158.9116667,165.5954167,359.85875,176.16875,218.32625,244.4504167,158.5266667
1024,122.9466667,206.5144444,224.5855556,73.26222222,236.5383333,190.3511111,243.5322222,519.0722222,143.8805556,167.9066667,173.6616667,169.2888889,182.01,154.7144444,151.9477778,373.2083333,172.5311111,215.6427778,240.7627778,149.4233333
1026,125.57,182.7792308,192.0976923,69.11769231,222.4607692,168.4846154,224.6415385,479.3715385,137.1330769,162.6307692,159.1169231,171.1207692,169.2661538,149.0446154,141.06,374.8307692,171.8215385,209.4253846,227.0269231,141.6615385
1028,128.7728571,166.7771429,151.8828571,74.44142857,204.4857143,159.1128571,195.4228571,492.4128571,131.8,137.5828571,139.3757143,162.7514286,150.7757143,135.6457143,136.2385714,333.6814286,171.5971429,198.7557143,188.7585714,117.0328571
1030,128.22,173.92,151.16,85.3,206.97,162.38,214.16,529.06,129.16,119.61,135.76,169.04,140.43,128.7,150.16,308.06,169.87,174.56,173.23,95.21
